id,name,,type,description,categories,tags,columns,download_count,page_views_total,created_at,updated_at,url
6iwb-7euj,2021 - 2022 Bilingual Program List,Bilingual Program List,dataset,Bilingual Program per program type and language per school,,,Borough; Special Education Model; Borough/Citywide Office (B/CO); Language; School Category; School Name; District; General/Special Education; School; Language (Translated); Program,1493,13235,2022-02-28T14:57:44.000Z,2024-11-26T23:15:13.000Z,https://data.cityofnewyork.us/d/6iwb-7euj
vquv-pjuh,2020-2021 Demographic Snapshot Borough,Demographic Snapshot Borough,dataset,"To provide a snapshot of citywide student enrollment and demographic information across multiple years. Data is collected using multiple data sources, including DOE's Audited Register, biographic data from Automate The Schools (ATS) system and the Location Code Generation and Management System (LCGMS).  Data can be used to view citywide demographic and enrollment trends over time.                                                                                             Enrollment counts are based on the October 31 Audited Register for each school year.  Please note that October 31 enrollment is not audited for charter schools or Pre-K Early Education Centers(NYCEECs).  Charter schools are required to submit enrollment as of BEDS Day the first Wednesday in October to the New York State Education Department of Education. Enrollment counts will exceed operational enrollment counts due the fact that long term absence (LTA) students are excluded for funding purposes.",,,Grade 12; Grade 7; # Male; Economic Need Index; Grade 1; # Female; Grade 9; Grade K; Grade 6; Borough; # Asian; Grade 3; Year; Grade 2; Total Enrollment; % Female; Grade 3K+PK (Half Day & Full Day); # Multi-Racial; # Hispanic; % Hispanic; % Poverty; # English Language Learners; # Native American; Grade 11; # Poverty; % English Language Learners; % Missing Race/Ethnicity Data; Grade 4; Grade 8; % Asian; # White; Grade 5; % Male; Grade 10; % Black; % Multi-Racial; % Native American; # Students with Disabilities; % Students with Disabilities; # Missing Race/Ethnicity Data; # Black; % White,1003,1245,2021-11-18T18:03:43.000Z,2024-11-26T23:18:06.000Z,https://data.cityofnewyork.us/d/vquv-pjuh
smka-gz6w,2020-2021 Demographic Snapshot Citywide,Demographic Snapshot Citywide,dataset,"To provide a snapshot of citywide student enrollment and demographic information across multiple years. Data is collected using multiple data sources, including DOE's Audited Register, biographic data from Automate The Schools (ATS) system and the Location Code Generation and Management System (LCGMS).  Data can be used to view citywide demographic and enrollment trends over time.                                                                                             Enrollment counts are based on the October 31 Audited Register for each school year.  Please note that October 31 enrollment is not audited for charter schools or Pre-K Early Education Centers(NYCEECs).  Charter schools are required to submit enrollment as of BEDS Day the first Wednesday in October to the New York State Education Department of Education. Enrollment counts will exceed operational enrollment counts due the fact that long term absence (LTA) students are excluded for funding purposes.",,,Grade 12; Total Enrollment; Grade 10; % Students with Disabilities; # Female; # Asian; Grade 4; # Missing Race/Ethnicity Data; % Poverty; % Missing Race/Ethnicity Data; Grade 11; Grade 6; # Black; # Hispanic; # Students with Disabilities; Grade 8; % Black; % Asian; Grade 1; # Native American; Grade 9; % Native American; % Female; % Multi-Racial; % Hispanic; # White; % English Language Learners; # Male; Grade 3K+PK (Half Day & Full Day); % Male; Grade 5; Grade 7; # Multi-Racial; Year; Grade 3; % White; # Poverty; Economic Need Index; # English Language Learners; Grade 2; Grade K,999,1164,2021-11-18T18:09:46.000Z,2024-11-26T23:16:14.000Z,https://data.cityofnewyork.us/d/smka-gz6w
mc73-t4fs,2020-2021 Demographic Snapshot District,Demographic Snapshot District,dataset,"To provide a snapshot of citywide student enrollment and demographic information across multiple years. Data is collected using multiple data sources, including DOE's Audited Register, biographic data from Automate The Schools (ATS) system and the Location Code Generation and Management System (LCGMS).  Data can be used to view citywide demographic and enrollment trends over time.                                                                                             Enrollment counts are based on the October 31 Audited Register for each school year.  Please note that October 31 enrollment is not audited for charter schools or Pre-K Early Education Centers(NYCEECs).  Charter schools are required to submit enrollment as of BEDS Day the first Wednesday in October to the New York State Education Department of Education. Enrollment counts will exceed operational enrollment counts due the fact that long term absence (LTA) students are excluded for funding purposes.",,,Grade 12; Total Enrollment; Grade 3K+PK (Half Day & Full Day); # Female; Grade K; % Poverty; Grade 2; Grade 8; Grade 9; % English Language Learners; % Native American; % Female; % Male; # Asian; % Asian; # Black; % Black; % Multi-Racial; # White; Grade 3; % Missing Race/Ethnicity Data; Grade 10; # Students with Disabilities; # English Language Learners; # Poverty; Grade 11; Grade 4; % Students with Disabilities; Grade 6; Grade 5; Grade 7; Grade 1; Year; # Hispanic; % White; # Missing Race/Ethnicity Data; Administrative District; # Native American; # Male; Economic Need Index; # Multi-Racial; % Hispanic,1174,1241,2021-11-18T18:14:02.000Z,2024-11-26T23:17:27.000Z,https://data.cityofnewyork.us/d/mc73-t4fs
vmmu-wj3w,2020-2021 Demographic Snapshot School,Demographic Snapshot School,dataset,"To provide a snapshot of citywide student enrollment and demographic information across multiple years. Data is collected using multiple data sources, including DOE's Audited Register, biographic data from Automate The Schools (ATS) system and the Location Code Generation and Management System (LCGMS).  Data can be used to view citywide demographic and enrollment trends over time.                                                                                             Enrollment counts are based on the October 31 Audited Register for each school year.  Please note that October 31 enrollment is not audited for charter schools or Pre-K Early Education Centers(NYCEECs).  Charter schools are required to submit enrollment as of BEDS Day the first Wednesday in October to the New York State Education Department of Education. Enrollment counts will exceed operational enrollment counts due the fact that long term absence (LTA) students are excluded for funding purposes.",,,# Missing Race/Ethnicity Data; % Poverty; % White; Grade 1; # White; % Native American; Grade 6; Year; # Native American; Total Enrollment; % Multi-Racial; Grade 9; Grade 12; % Black; # Multi-Racial; Grade 7; Grade 8; Grade 10; % English Language Learners; # Female; % Female; % Students with Disabilities; # Poverty; # Male; DBN; Grade 3K+PK (Half Day & Full Day); Grade 5; School Name; % Hispanic; # Students with Disabilities; Grade 11; Grade 4; % Missing Race/Ethnicity Data; Grade 2; Grade K; % Male; Economic Need Index; # Asian; % Asian; Grade 3; # Black; # Hispanic; # English Language Learners,1995,9955,2021-11-18T18:17:50.000Z,2024-11-26T23:11:43.000Z,https://data.cityofnewyork.us/d/vmmu-wj3w
8vk5-fzts,2020 - 2021 Diversity Report,Diversity Report,dataset,"Report on Demographic Data in New York City Public Schools, 2020-21Enrollment counts are based on the November 13 Audited Register for 2020. Categories with total enrollment values of zero were omitted. Pre-K data includes students in 3-K. Data on students with disabilities, English language learners, and student poverty status are as of March 19, 2021.  Due to missing demographic information in rare cases and suppression rules, demographic categories do not always add up to total enrollment and/or citywide totals. NYC DOE ""Eligible for free or reduced-price lunch” counts are based on the number of students with families who have qualified for free or reduced-price lunch or are eligible for Human Resources Administration (HRA) benefits. English Language Arts and Math state assessment results for students in grade 9 are not available for inclusion in this report, as the spring 2020 exams did not take place. Spring 2021 ELA and Math test results are not included in this report for K-8 students in 2020-21. Due to the COVID-19 pandemic’s complete transformation of New York City’s school system during the 2020-21 school year, and in accordance with New York State guidance, the 2021 ELA and Math assessments were optional for students to take. As a result, 21.6% of students in grades 3-8 took the English assessment in 2021 and 20.5% of students in grades 3-8 took the Math assessment. These participation rates are not representative of New York City students and schools and are not comparable to prior years, so results are not included in this report.  Dual Language enrollment includes English Language Learners and non-English Language Learners.  Dual Language data are based on data from STARS; as a result, school participation and student enrollment in Dual Language programs may differ from the data in this report. STARS course scheduling and grade management software applications provide a dynamic internal data system for school use; while standard course codes exist, data are not always consistent from school to school. This report does not include enrollment at District 75 & 79 programs. Students enrolled at Young Adult Borough Centers are represented in the 9-12 District data but not the 9-12 School data. “Prior Year” data included in Comparison tabs refers to data from 2019-20. “Year-to-Year Change” data included in Comparison tabs indicates whether the demographics of a school or special program have grown more or less similar to its district or attendance zone (or school, for special programs) since 2019-20. Year-to-year changes must have been at least 1 percentage point to qualify as “More Similar” or “Less Similar”; changes less than 1 percentage point are categorized as “No Change”.  The admissions method tab contains information on the admissions methods used for elementary, middle, and high school programs during the Fall 2020 admissions process. Fall 2020 selection criteria are included for all programs with academic screens, including middle and high school programs. Selection criteria data is based on school-reported information. Fall 2020 Diversity in Admissions priorities is included for applicable middle and high school programs. Note that the data on each school’s demographics and performance includes all students of the given subgroup who were enrolled in the school on November 13, 2020. Some of these students may not have been admitted under the admissions method(s) shown, as some students may have enrolled in the school outside the centralized admissions process (via waitlist, over-the-counter, or transfer), and schools may have changed admissions methods over the past few years. Admissions methods are only reported for grades K-12. ""3K and Pre-Kindergarten data are reported at the site level. See below for definitions of site types included in this report. Additionally, please note that this report excludes all students at District 75 sites, reflecting slightly lower enrollment than our total of 60,265 students",,,DBN; Process; Admissions Method for Students Entering in Fall 2020; Program Code; Diversity In Admissions Priority for Students Entering in Fall 2020; Program Name; School Name; Selection Criteria for Students Entering in Fall 2020,4177,5208,2022-03-04T23:31:58.000Z,2024-11-26T23:05:36.000Z,https://data.cityofnewyork.us/d/8vk5-fzts
tcj7-bhry,2020 DOE Gifted and Talented Admissions Guide,DOE Gifted and Talented Admissions Guide,dataset,Directory of Department of Education Elementary Schools in 2020.,,,Postcode; BBL; Latitude; Council District; Census Tract; NTA; District; Citywide G&T; Address; Phone; Accessibility; Y Coordinate; Borough; Longitude; BIN; School Name; G&T Grades; Community Board; DBN; X Coordinate,1443,1077,2020-12-21T18:14:59.000Z,2024-11-26T23:14:36.000Z,https://data.cityofnewyork.us/d/tcj7-bhry
f6s7-vytj,2021 DOE Middle School Directory,DOE Middle School Directory,dataset,Directory of Department of Education Schools in 2021.,,,gefilled_prog9; priority7_prog2; priority5_prog3; BBL; priority3_prog5; overview; geseats_prog7; priority4_prog5; priority3_prog7; priority6_prog15; geapps_prog4; priority3_prog15; priority2_prog5; priority4_prog15; priority5_prog6; geapps_prog8; admissionsmethod_prog8; swdfilled_prog5; admissionsmethod_prog9; neighborhood; admissionsmethod_prog1; bus; eligibility_prog15; schooldbn; priority7_prog3; priority5_prog11; swdappsperseat_prog15; swdappsperseat_prog14; admissionsmethod_prog12; name_prog12; swdapps_prog14; eligibility_prog7; priority7_prog6; priority1_prog3; geapps_prog5; swdapps_prog15; gradespan; geapps_prog7; swdseats_prog10; priority2_prog15; swdapps_prog10; geapps_prog10; priority4_prog8; priority1_prog15; gefilled_prog4; code_prog13; name_prog9; admissionsmethod_prog5; name_prog11; geseats_prog2; swdappsperseat_prog3; eligibility_prog4; swdfilled_prog9; ellprograms; priority1_prog1; swdapps_prog2; swdfilled_prog4; name_prog15; priority6_prog5; swdseats_prog15; priority5_prog1; Borough; swdfilled_prog6; priority3_prog6; geapps_prog6; priority6_prog4; geappsperseat_prog4; admissionsmethod_prog15; priority7_prog5; electiveclasses; priority5_prog5; geseats_prog6; admissionsmethod_prog6; Community Board; name_prog1; priority5_prog13; swdappsperseat_prog1; subway; independentwebsite; priority2_prog4; address; name; eligibility_prog1; code_prog2; swdapps_prog12; name_prog6; priority5_prog8; priority2_prog2; swdapps_prog4; swdfilled_prog15; priority7_prog11; geseats_prog14; priority3_prog12; geapps_prog1; geseats_prog4; priority3_prog3; priority6_prog2; code_prog6; eligibility_prog6; priority2_prog6; swdseats_prog5; eligibility_prog2; gefilled_prog2; priority1_prog8; priority2_prog14; swdappsperseat_prog8; geappsperseat_prog11; eligibility_prog11; priority6_prog11; geappsperseat_prog14; priority1_prog12; swdappsperseat_prog11; priority5_prog12; priority5_prog10; priority3_prog11; geseats_prog15; priority5_prog4; admissionsmethod_prog13; geseats_prog11; priority4_prog14; priority3_prog13; priority2_prog10; swdseats_prog3; geappsperseat_prog1; priority3_prog9; sharedbuilding; priority1_prog13; priority4_prog4; priority3_prog8; priority6_prog12; priority4_prog13; swdapps_prog7; admissionsmethod_prog4; swdfilled_prog2; geapps_prog11; geappsperseat_prog3; geappsperseat_prog5; gefilled_prog1; swdseats_prog11; geseats_prog12; swdseats_prog12; priority1_prog11; priority6_prog10; swdseats_prog9; swdseats_prog8; priority2_prog7; priority1_prog10; priority4_prog9; swdfilled_prog8; swdfilled_prog7; geappsperseat_prog6; swdseats_prog6; priority3_prog4; swdapps_prog6; gefilled_prog5; swdappsperseat_prog2; swdseats_prog1; telephone; admissionsmethod_prog7; priority2_prog9; district; priority6_prog3; geseats_prog5; priority4_prog6; eligibility_prog12; name_prog14; priority5_prog2; priority4_prog3; swdfilled_prog14; priority7_prog7; code_prog8; swdapps_prog9; geappsperseat_prog12; swdfilled_prog1; swdfilled_prog12; priority4_prog1; priority7_prog8; geappsperseat_prog9; priority4_prog7; geappsperseat_prog10; code_prog14; swdfilled_prog11; priority4_prog11; priority3_prog10; priority7_prog15; priority7_prog12; code_prog15; gefilled_prog13; swdappsperseat_prog6; code_prog10; priority7_prog9; priority4_prog10; priority7_prog14; geapps_prog9; eligibility_prog9; priority5_prog9; swdfilled_prog10; gefilled_prog11; priority2_prog13; swdapps_prog13; swdseats_prog14; accessibility_description; admissionsmethod_prog10; priority3_prog14; priority3_prog2; priority1_prog9; url; eligibility_prog10; mathprof; tophs2; totalstudents; priority6_prog1; eligibility_prog5; swdappsperseat_prog4; name_prog4; eligibility_prog8; code_prog4; swdseats_prog7; code_prog11; geappsperseat_prog15; priority2_prog3; eligibility_prog3; swdapps_prog3; priority6_prog7; priority1_prog5; swdapps_prog5; geseats_prog3; priority5_prog7; name_prog3; code_prog3; diversityinadmissions; code_prog5; gefilled_prog8; code_prog9; geseats_prog10; name_prog5; priority4_prog2; priority1_prog2; swdseats_prog2; priority1_prog7; geapps_prog2; priority6_prog8; swdappsperseat_prog5; geappsperseat_prog7; eligibility_prog13; swdfilled_prog3; swdappsperseat_prog9; name_prog2; swdappsperseat_prog7; admissionsmethod_prog11; name_prog7; Council District; geapps_prog15; code_prog7; priority2_prog8; name_prog8; priority3_prog1; gefilled_prog7; priority2_prog11; geseats_prog8; priority7_prog4; swdapps_prog1; surveysafety; priority7_prog1; priority2_prog1; swdfilled_prog13; swdapps_prog11; swdapps_prog8; geappsperseat_prog8; geapps_prog12; geapps_prog14; Latitude; start_time; end_time; acceleratedclasses; swdappsperseat_prog13; geseats_prog9; activities_description; geappsperseat_prog13; othersports; priority4_prog12; swdseats_prog4; code_prog12; gefilled_prog3; swdseats_prog13; geapps_prog3; Census Tract; Postcode; priority6_prog14; gefilled_prog15; priority7_prog13; name_prog13; gefilled_prog14; priority7_prog10; geseats_prog1; name_prog10; priority5_prog15; geappsperseat_prog2; swdappsperseat_prog10; priority2_prog12; admissionsmethod_prog14; priority6_prog13; swdappsperseat_prog12; NTA; coursepassrate; geapps_prog13; BIN; languageclasses; geseats_prog13; admissionsmethod_prog3; priority6_prog9; Longitude; code_prog1; gefilled_prog12; gefilled_prog10; priority1_prog4; tophs3; tophs1; priority6_prog6; admissionsmethod_prog2; priority1_prog6; other_features; priority1_prog14; eligibility_prog14; priority5_prog14; elaprof; gefilled_prog6,32758,7411,2020-09-23T19:44:57.000Z,2024-11-26T23:11:18.000Z,https://data.cityofnewyork.us/d/f6s7-vytj
iebs-5yhr,English Language Arts (ELA) Test Results 2013-2023,English Language Arts (ELA) Test Results,dataset,This report includes results for the New York State English Language Arts exams for the years 2013-2023.,,,Pct Level 3; Pct Level 2; Grade; Num Level 3; Report Category; School Name; Pct Level 3 and 4; Num Level 3 and 4; Num Level 1; Mean Scale Score; Geographic Subdivision; Student Category; Pct Level 4; Num Level 4; Number Tested; Pct Level 1; Year; Num Level 2,7021,4271,2024-04-02T16:51:40.000Z,2024-11-26T23:17:56.000Z,https://data.cityofnewyork.us/d/iebs-5yhr
gkd7-3vk7,Enrollment Capacity And Utilization Reports,Enrollment Capacity And Utilization Reports,dataset,"Enrollment, target capacity and utilization data for every building and schools in those buildings.",,,Data As Of; No. of Cluster Rms Needed +; Incl. Class; Organization Name; Target Bldg Cap; Org ID; Bldg Name; Bldg ID; Geo Dist; Bldg Enroll; Org Target Cap; No. of Cluster / Spec Rms Reported +; Org Enroll; PreK Cap +; Target Bldg Util; Org Target Util,5839,7374,2015-05-11T20:51:59.000Z,2024-01-10T16:19:21.000Z,https://data.cityofnewyork.us/d/gkd7-3vk7
q9xk-w9iv,Enrollment Capacity And Utilization Reports - Historical by Organization,Enrollment Capacity And Utilization Reports - Historical by Organization,dataset,"Enrollment, historical capacity and utilization data for every building and schools in those buildings, by school.</br> <b>SCA Data Disclaimer: ""The Historical report is no longer produced or maintained.""</b>",,,Org ID; Historical Utilization; No. of Cluster / Spec Rms Reported +; PreK Cap +; Geo Dist; Organization Name; Building Name; No. of Cluster Rms Needed +; Incl. Class; Enroll; Bldg ID; Historical Capacity,4108,2502,2015-05-11T20:46:16.000Z,2022-05-09T22:27:58.000Z,https://data.cityofnewyork.us/d/q9xk-w9iv
yphg-6fug,"2020-21 Guidance Counselor/Social Worker Data - Demographic, Post Secondary","Guidance Counselor/Social Worker Data - Demographic, Post Secondary",dataset,"New York City Department of Education 2020-21 Guidance Counselor and Social Workers data by district, borough, school number, school name, and school level, providing statistics for full time, part time, bilingual guidance counselors and social workers and whether they are serving more than one location.",,,"Total Guidance Counselors (GC) & Social Workers (SW)   (includes GCs, SWs, ATRs, School Response Clinicians, High Needs Counselors, High Need SWs, Single Shepherds, Bridging the Gap SWs); Enrollment and Ratios           Ratio GC & SW; Total GC; Additional Supports      Learning to Work; Program Designations Included in Counts               Single Shepherd; DBN; Program Designations Included in Counts      Bridging the Gap; Enrollment and Ratios                     Ratio SW Only; Additional Role Specifications        Bilingual SW; Program Designations Included in Counts        High Needs SW; Counts by Role Specification                       Full-Time SW; Counts by Role Specificaiton           Full-time GC; Additional Role Specifications        GC Serving More than One Location; Additional Supports              CBO Partner; Location Type; Enrollment and Ratios   2019-20 SY Enrollment; Program Designations Included in Counts        High Needs GC; Additional Role Specifications        SW Serving More than One Location; Program Designations Included in Counts        School Response Clinician; Count by Role Specification          Part-time GC; Enrollment and Ratios                   Ratio GC Only; Count by Role Specification           Part-Time SW; Total SW; Additional Role Specifications      Bilingual GC; School  Information                                                                                                         School Name",1399,3253,2021-03-26T21:29:20.000Z,2024-11-26T23:16:30.000Z,https://data.cityofnewyork.us/d/yphg-6fug
n4tc-j6kh,Inspections Requested,Inspections Requested,dataset,List of Inspections requested for construction projects,,,Inspection Category; Request Status Description; Inspection Date; Borough Name; School Code; Date Requested; DOB#,2446,2060,2015-08-12T13:45:30.000Z,2026-08-01T20:01:34.000Z,https://data.cityofnewyork.us/d/n4tc-j6kh
74kb-55u9,Math Test Results 2013-2023,Math Test Results,dataset,"This report includes results for the New York State Math exams for the years 2013-2023. For the results for the New York State Math exams for the years 2006-2012, please follow <a href=""https://data.cityofnewyork.us/Education/Math-Test-Results-2006-2012/e5c5-ieuv"">this link</a>.",,,Geographic Subdivision; Pct Level 3 and 4; School Name; Num Level 1; Grade; Report Category; Pct Level 2; Pct Level 4; Year; Mean Scale Score; Num Level 4; Num Level 3 and 4; Student Category; Number Tested; Pct Level 1; Pct Level 3; Num Level 3; Num Level 2,4492,5574,2024-03-06T20:47:14.000Z,2024-11-26T23:05:38.000Z,https://data.cityofnewyork.us/d/74kb-55u9
3bkj-34v2,NYC DOE Public School Location Information,NYC DOE Public School Location Information,href,"Report of all DOE School Information including Principal and Superintendent names, Cluster, Network, SATIF, addresses & phone numbers.",,,,479,22279,2013-03-22T19:26:34.000Z,2024-11-26T23:11:38.000Z,https://data.cityofnewyork.us/d/3bkj-34v2
29nk-6u2k,NYC Public School Indicators,NYC Public School Indicators,file,"Various data tables on student demographics, school enrollment trends, characteristics of traditional public school students and charter school students, student achievement, budget and school resources, principal and teacher information, building and school utilization and the availability of specialized facilities.",,,,1659,3471,2019-08-13T16:27:47.000Z,2022-05-09T22:27:52.000Z,https://data.cityofnewyork.us/d/29nk-6u2k
n7ta-pz8k,Projected Public School Ratio,Projected Public School Ratio,dataset,Estimated number of students to be generated by future housing growth.,,,Children aged 11-13 contributed per housing unit; Data As Of; Community School District; Children aged 14-17 contributed per housing unit; Children aged 4-10 contributed per housing unit; BOROUGH,3541,2423,2013-07-02T19:04:34.000Z,2025-04-17T17:45:39.000Z,https://data.cityofnewyork.us/d/n7ta-pz8k
u6fv-5dqe,School Attendance Statistics,School Attendance Statistics,href,"Daily Attendance figures are accurate as of 4:00pm, but are not final as schools continue to submit data after we generate this preliminary report.",,,,378,8954,2013-03-22T19:49:56.000Z,2024-11-26T23:08:46.000Z,https://data.cityofnewyork.us/d/u6fv-5dqe
kkng-ugna,2019-20 School Quality Guide Early Childhood,School Quality Guide Early Childhood,dataset,"The School Quality Reports share information about school performance, set expectations for schools, and promote school improvement.   These reports include information from multiple sources, including Quality Reviews, the NYC School Survey, and student performance.  The School Quality Reports are organized around the Framework for Great Schools, which includes six elements—Rigorous Instruction,  Collaborative Teachers, Supportive Environment, Effective School Leadership, Strong FamilyCommunity Ties, and Trust—that drive student achievement and school improvement.",,,teacher_ethnicity_amerindian_pct; n_interaction_k3_all; rr_s; QR_4_1; dbn; survey_pp_TR; QR_1_3; Teacher_attendance; enrollment; Dates_of_Review; school_type; IEP; temp_housing_pct; near_pct_asian; ethnicity_pacific_pct; teacher_ethnicity_white_pct; ethnicity_pacific_pct_dist; Teach_3_more_exp; principal; val_attendance_k3_all; QR_1_4; QR_1_2; QR_4_2; val_lre_all; QR_3_1; ethnicity_white_pct_dist; teacher_ethnicity_black_pct; teacher_ethnicity_asian_pct; survey_pp_RI; n_lre_all; median_distance; rr_p; n_attendance_k3_all; val_interaction_k3_all; Principal_experience; teacher_ethnicity_hispanic_pct; ethnicity_amerindian_pct; QR_1_1; ethnicity_white_pct; rr_t; QR_5_1; cap_sc_pct; QR_2_2; ethnicity_hispanic_pct; hra_elig_pct; QR_3_4; gender_female_pct; val_chronic_absent_all; ethnicity_black_pct; eni_pct; ELL; teacher_ethnicity_pacific_pct; gender_male_pct; survey_pp_SF; school_name; ethnicity_amerindian_pct_dist; ethnicity_black_pct_dist; ethnicity_asian_pct; survey_pp_SE; ethnicity_asian_pct_dist; near_pct_white; n_chronic_absent_all; near_pct_pacific; near_pct_amerindian; survey_pp_CT; near_pct_hispanic; near_pct_black; survey_pp_ES; ethnicity_hispanic_pct_dist,1088,728,2021-03-19T16:46:56.000Z,2024-11-26T23:11:05.000Z,https://data.cityofnewyork.us/d/kkng-ugna
jtpv-nuuc,2019-20 School Quality Guide Elementary Middle School,School Quality Guide Elementary Middle School,dataset,"The School Quality Reports share information about school performance, set expectations for schools, and promote school improvement.  These reports include information from multiple sources, including Quality Reviews, the NYC School Survey, and student performance.  The School Quality Reports are organized around the Framework for Great Schools, which includes six elements—Rigorous Instruction,  Collaborative Teachers, Supportive Environment, Effective School Leadership, Strong FamilyCommunity Ties, and Trust—that drive student  achievement and school improvement.",,,n_pct_core_soc_all; n_lre_all; val_prof_pct_watn3_mthlevel34; val_chronic_absent_ems_allgm; n_pct_accel_lote_all; n_pct_accel_mth_all; n_pct_accel_try_all; n_pct_accel_p_lote_all; n_pct_accel_p_sci_all; val_ele_core_all; QR_3_1; teacher_ethnicity_white_pct; survey_pp_CT; rr_t; val_prof_2plus_watn3_mthlevel1; n_chronic_absent_ems_alleh; val_prof_pct_watn3_elalevel2; survey_pp_SE; n_hs_9gr_credits_all; n_prof_pct_watn3_elalevel34; survey_pp_TR; rating_mth_grade_5_pct_rs; gender_male_pct; ELL; IEP; cap_sc_pct; val_prof_pct_watn3_mthlevel2; val_pct_accelerated_all; n_chronic_absent_ems_all; n_prof_pct_watn3_mthlevel2; temp_housing_pct; ethnicity_asian_pct; val_pct_core_sci_all; n_pct_core_ela_all; ethnicity_hispanic_pct_dist; val_prof_pct_watn3_elalevel34; n_prof_pct_watn3_elalevel2; n_prof_2plus_watn3_mthlevel1; ethnicity_amerindian_pct_dist; Principal_experience; ethnicity_pacific_pct_dist; val_chronic_absent_ems_alleh; ethnicity_white_pct_dist; principal; Teach_3_more_exp; val_attendance_k8_all; n_prof_pct_watn5_mthlevel34; Teacher_attendance; eni_pct_k8; val_hs_9gr_credits_all; n_pct_core_mth_all; val_pct_core_mth_all; QR_1_4; n_pct_accel_p_all; val_pct_accel_try_all; n_prof_2plus_watn5_mthlevel1; n_prof_pct_watn5_elalevel2; val_chronic_absent_ems_alleb; val_pct_core_soc_all; teacher_ethnicity_amerindian_pct; teacher_ethnicity_pacific_pct; n_chronic_absent_ems_alleb; Dates_of_Review; teacher_ethnicity_asian_pct; near_pct_pacific; survey_pp_ES; val_prof_2plus_watn3_elalevel1; ethnicity_pacific_pct; QR_3_4; near_pct_amerindian; rating_ela_grade_5_pct_rs; val_prof_2plus_watn5_elalevel1; teacher_ethnicity_hispanic_pct; school_name; n_prof_pct_watn3_mthlevel34; n_chronic_absent_ems_allgm; n_pct_accel_p_mth_all; n_chronic_absent_ems_allgf; median_distance; val_pct_accel_try_lote_all; rr_s; QR_1_2; ethnicity_amerindian_pct; QR_1_1; QR_5_1; ethnicity_hispanic_pct; hra_elig_pct; gender_female_pct; val_chronic_absent_ems_allew; n_chronic_absent_ems_allew; val_lre_all; QR_4_1; val_chronic_absent_ems_allep; n_chronic_absent_ems_allem; val_prof_pct_watn5_mthlevel2; ethnicity_white_pct; val_chronic_absent_ems_allgf; ethnicity_black_pct; n_pct_core_sci_all; val_pct_accel_p_sci_all; n_pct_accelerated_all; teacher_ethnicity_black_pct; val_chronic_absent_ems_allei; val_pct_accel_lote_all; dbn; val_pct_accel_p_all; ethnicity_asian_pct_dist; ethnicity_black_pct_dist; n_ele_core_all; rr_p; n_chronic_absent_ems_allei; near_pct_asian; val_pct_accel_p_lote_all; n_interaction_k8_all; n_chronic_absent_ems_allea; val_pct_accel_try_sci_all; QR_4_2; QR_2_2; val_pct_core_ela_all; school_type; enrollment; n_chronic_absent_ems_allep; val_chronic_absent_ems_all; near_pct_black; QR_1_3; survey_pp_RI; val_prof_pct_watn5_elalevel2; val_chronic_absent_ems_allem; n_attendance_k8_all; val_chronic_absent_ems_allea; near_pct_hispanic; val_interaction_k8_all; survey_pp_SF; val_pct_accel_sci_all; n_pct_accel_try_lote_all; n_prof_pct_watn5_elalevel34; n_pct_accel_try_mth_all; val_prof_pct_watn5_elalevel34; n_prof_pct_watn5_mthlevel2; near_pct_white; val_prof_pct_watn5_mthlevel34; n_pct_accel_sci_all; n_pct_accel_try_sci_all; n_prof_2plus_watn5_elalevel1; n_prof_2plus_watn3_elalevel1; val_prof_2plus_watn5_mthlevel1,1844,1091,2021-03-23T20:20:48.000Z,2024-11-26T23:05:37.000Z,https://data.cityofnewyork.us/d/jtpv-nuuc
dnpx-dfnc,School Quality Reports Data,School Quality Reports Data,dataset,"This report shares information about school performance, sets expectations for schools, and promotes school improvement.  School Quality Reports: Educator Guides can be found here: https://infohub.nyced.org/reports/students-and-schools/school-quality/school-quality-reports-and-resources/educator-guide-to-school-quality-guide",,,"School Type; Metric Score; Report Year; School Year; District, Borough and School Number (DBN); School Name; Number of Students; Comparison Group Average; Report Type; Metric Display Name; Metric Value; Metric Variable Name",12575,10450,2024-05-16T19:23:37.000Z,2026-04-09T00:20:18.000Z,https://data.cityofnewyork.us/d/dnpx-dfnc
shkv-c3w7,School Zones Map 2024-2025,School Zones Map,map,Data is used to identify the zoning for the High School grades.,,,,12,18322,2024-03-13T14:39:42.000Z,2025-08-05T19:57:31.000Z,https://data.cityofnewyork.us/d/shkv-c3w7
cmjf-yawu,School Zones 2024-2025 (Elementary School),School Zones(Elementary School),dataset,Data is used to identify the  zoning for the Elementary School grades.,,,CREAT_DATE; BORO_NUM; the_geom; ESID_NO; Label; INITIALS; Y_Centroid; SCHOOLDIST; Shape_Leng; DBN; Shape_Area; EDIT_DATE; REMARKS; X_Centroid; ZONED_DIST; BORO,2391,10091,2024-03-13T14:33:31.000Z,2024-11-26T23:05:36.000Z,https://data.cityofnewyork.us/d/cmjf-yawu
t26j-jbq7,School Zones 2024-2025 (Middle School),School Zones(Middle School),dataset,Data is used to identify the  zoning for the Middle School grades.,,,BORO; Label; REMARKS; the_geom; INITIALS; CREAT_DATE; EDIT_DATE; Boro_Text; SCHOOLDIST; Shape_Leng; MSID_NO; DBN; Shape_Area; ZONED_DIST,1382,2819,2024-03-13T14:30:07.000Z,2024-11-26T23:12:18.000Z,https://data.cityofnewyork.us/d/t26j-jbq7